Name,Size_KB,Language,Private
BlackRoad-OS/blackroad-io-app,1578,HTML,false
BlackRoad-OS/blackroad-os-landing-worker,0,TypeScript,true
BlackRoad-OS/blackroad-os-disaster-recovery,0,Python,true
BlackRoad-OS/blackroad-os-simple-launch,0,Unknown,false
BlackRoad-OS/blackroad-os-roadworld,0,JavaScript,false
BlackRoad-OS/blackroad-os-priority-stack,0,Unknown,false
BlackRoad-OS/blackroad-os-pitstop,0,Unknown,false
BlackRoad-OS/blackroad-os-metaverse,0,Unknown,false
BlackRoad-OS/blackroad-os-container,0,TypeScript,false
BlackRoad-OS/blackroad-os-deploy,0,TypeScript,false
BlackRoad-OS/blackroad-os-dashboard,0,Unknown,false
BlackRoad-OS/blackroad-os-prism-enterprise,0,Python,true
BlackRoad-OS/blackroad-monitoring,0,HTML,true
BlackRoad-OS/blackroad-os-pack-engineering,0,Unknown,true
BlackRoad-OS/blackroad-os-console,0,Unknown,true
BlackRoad-OS/blackroad-os-analytics,0,Unknown,true
BlackRoad-OS/blackroad-multi-ai-system,0,Shell,false
BlackRoad-OS/blackroad-os-brand,748,HTML,true
BlackRoad-OS/claude-collaboration-system,34,Shell,false
BlackRoad-OS/lucidia-math,374,HTML,false
BlackRoad-OS/lucidia-core,525,HTML,false
BlackRoad-OS/containers-template,410,HTML,false
BlackRoad-OS/blackroad-tools,592,HTML,false
BlackRoad-OS/blackroad-pi-ops,384,HTML,false
BlackRoad-OS/blackroad-os-pack-legal,537,HTML,true
BlackRoad-OS/blackroad-os-pack-infra-devops,476,HTML,true
BlackRoad-OS/blackroad-os-mesh,378,HTML,true
BlackRoad-OS/blackroad-os-helper,347,HTML,true
BlackRoad-OS/blackroad-hello,348,HTML,false
BlackRoad-OS/blackroad-cli,1808,HTML,false
BlackRoad-OS/blackroad-agents,471,HTML,false
BlackRoad-OS/blackroad-agent-os,490,HTML,false
BlackRoad-OS/chanfana-openapi-template,416,HTML,false
BlackRoad-OS/blackroad-pi-holo,338,HTML,false
BlackRoad-OS/blackroad-cli-tools,385,HTML,false
BlackRoad-OS/lucidia-platform,492,HTML,false
BlackRoad-OS/blackroad-os-research,436,HTML,true
BlackRoad-OS/blackroad-os-master,511,HTML,true
BlackRoad-OS/blackroad,351,HTML,true
BlackRoad-OS/blackroad-os-home,668,HTML,true
BlackRoad-OS/blackroad-os-ideas,453,HTML,true
BlackRoad-OS/earth-metaverse,369,HTML,false
BlackRoad-OS/lucidia-earth,410,HTML,false
BlackRoad-OS/blackroad-docs,427,HTML,false
BlackRoad-OS/blackroad-deployment-docs,355,HTML,false
BlackRoad-OS/blackroadinc-us,375,HTML,false
BlackRoad-OS/app-blackroad-io,311,HTML,false
BlackRoad-OS/blackroad-domains,311,HTML,false
BlackRoad-OS/demo-blackroad-io,311,HTML,false
BlackRoad-OS/blackroad-os-demo,534,HTML,true
BlackRoad-OS/blackroad-os,1110,HTML,true
BlackRoad-OS/blackroad-os-operator,2557,HTML,true
BlackRoad-OS/blackroad-os-core,7300,Python,true
BlackRoad-OS/blackroad-models,396,HTML,false
BlackRoad-OS/blackroad-os-agents,44428,HTML,true
BlackRoad-OS/blackroad-os-api,896,HTML,true
BlackRoad-OS/blackroad-os-api-gateway,610,HTML,true
BlackRoad-OS/blackroad-os-archive,700,HTML,true
BlackRoad-OS/blackroad-os-beacon,567,HTML,true
BlackRoad-OS/blackroad-os-docs,1024,HTML,false
BlackRoad-OS/blackroad-os-pack-creator-studio,537,HTML,true
BlackRoad-OS/blackroad-os-infra,1078,HTML,true
BlackRoad-OS/blackroad-os-codex,371,HTML,false
BlackRoad-OS/lucidia-earth-website,534,HTML,false
BlackRoad-OS/blackroad-os-web,991,HTML,false
BlackRoad-OS/lucidia-metaverse,16409,HTML,false
BlackRoad-OS/blackroad-os-prism-console,887,HTML,true
BlackRoad-OS/blackroad-os-pack-research-lab,447,HTML,true
BlackRoad-OS/blackroad-os-pack-finance,535,HTML,true
BlackRoad-OS/blackroad-os-pack-education,544,HTML,true
BlackRoad-AI/urban-goggles,319,HTML,true
BlackRoad-AI/BlackRoad.io,523,HTML,true
BlackRoad-AI/blackroad-plans,322,HTML,true
